<Services>
    <EnterpriseSearchService ContactEmail="no-reply@example.com"
                             ConnectionTimeout="60"
                             AcknowledgementTimeout="60"
                             ProxyType="Default"
                             IgnoreSSLWarnings="false"
                             InternetIdentity="Mozilla/4.0 (compatible; MSIE 4.01; Windows NT; MS Search 6.0 Robot)"
                             IndexLocation="C:\Program Files\Microsoft Office Servers\14.0\Data\Office Server\Applications"
                             PerformanceLevel="PartlyReduced"
                             Account="localhost\Administrator"
                             ShareName="SearchShare">

        <EnterpriseSearchServiceApplications>
            <EnterpriseSearchServiceApplication Name="Enterprise Search Service Application"
                                                DatabaseServer="localhost\SQLEXPRESS"
                                                DatabaseName="SharePoint_Search"
                                                FailoverDatabaseServer=""
                                                Partitioned="false"
                                                Partitions="1"
                                                SearchServiceApplicationType="Regular">
                <ApplicationPool Name="SharePoint Enterprise Search Application Pool" Account="localhost\Administrator" />
                <CrawlServers>
                    <Server Name="localhost" />
                </CrawlServers>
                <QueryServers>
                    <Server Name="localhost" />
                </QueryServers>
                <SearchQueryAndSiteSettingsServers>
                    <Server Name="localhost" />
                </SearchQueryAndSiteSettingsServers>
                <AdminComponent>
                    <Server Name="localhost" />
                    <ApplicationPool Name="SharePoint Enterprise Search Application Pool" Account="localhost\Administrator" />
                </AdminComponent>
                <Proxy Name="Enterprise Search Service Application Proxy" Partitioned="false">
                    <ProxyGroup Name="Default" />
                </Proxy>
            </EnterpriseSearchServiceApplication>
        </EnterpriseSearchServiceApplications>
    </EnterpriseSearchService>
</Services>
